<?xml version="1.0" encoding="utf-8" ?>
<resources>
  <style name="MainTheme" parent="MainTheme.Base">
  </style>
  <style name="SplashTheme" parent ="Theme.AppCompat.Light.NoActionBar">
    <item name="android:windowBackground">@drawable/splash_screen</item>
    <item name="android:windowNoTitle">true</item>
    <item name="android:windowFullscreen">true</item>
    <item name="android:windowContentOverlay">@null</item>
    <item name="android:windowActionBar">true</item>
  </style>
</resources>
